{
  "FilterHeaders": [
    {
      "Header": "user-agent",
      "IncludeInScript": false
    },
    {
      "Header": "ua-cpu",
      "IncludeInScript": true
    },
    {
      "Header": "dnt",
      "IncludeInScript": true
    },
    {
      "Header": "cache-control",
      "IncludeInScript": false
    },
    {
      "Header": "accept-encoding",
      "IncludeInScript": false
    },
    {
      "Header": "accept",
      "IncludeInScript": false
    }
  ],
  "FilterResources": [
    {
      "IsNonResource": true,
      "type": "text/xml"
    },
    {
      "IsNonResource": false,
      "type": "image/x-icon"
    },
    {
      "IsNonResource": false,
      "type": "application/octet-stream"
    }
  ],
  "GeneralInfo": {
    "BrowserVersion": "",
    "MaxUsedConnections": 5,
    "RecordedBrowser": "Internet Explorer",
    "RecordingDate": "Jun-27-2018",
    "RecordingDuration": 86144,
    "RecordingTimeStamp": 1530087507,
    "TotalBytesReceived": 52526,
    "TotalBytesSent": 2262,
    "TotalRequests": 5
  },
  "HostInfo": [
    {
      "DomainName": "microsoft.com",
      "Domains": [
        {
          "HTTPVersion": "HTTP/1.1",
          "IP": "72.21.81.200",
          "IncludeInScript": true,
          "Name": "r20swj13mr.microsoft.com",
          "Port": 443,
          "Requests": [
            {
              "CompressionType": "",
              "DataType": "application/octet-stream",
              "DownloadTime": 218,
              "EventId": 168,
              "HttpStatus": 200,
              "Size": 16,
              "URL": "https://r20swj13mr.microsoft.com/ieblocklist/v1/urlblockindex.bin"
            }
          ],
          "SSLCipher": "ECDHE-RSA-AES256-SHA",
          "SSLVersion": "TLS1.1"
        },
        {
          "HTTPVersion": "HTTP/1.1",
          "IP": "204.79.197.200",
          "IncludeInScript": true,
          "Name": "ieonline.microsoft.com",
          "Port": 443,
          "Requests": [
            {
              "CompressionType": "",
              "DataType": "application/octet-stream",
              "DownloadTime": 141,
              "EventId": 188,
              "HttpStatus": 200,
              "Size": 18176,
              "URL": "https://ieonline.microsoft.com/iedomainsuggestions/ie11/suggestions.en-IN"
            }
          ],
          "SSLCipher": "ECDHE-RSA-AES256-SHA",
          "SSLVersion": "TLS1.1"
        },
        {
          "HTTPVersion": "HTTP/1.1",
          "IP": "72.21.81.200",
          "IncludeInScript": true,
          "Name": "iecvlist.microsoft.com",
          "Port": 443,
          "Requests": [
            {
              "CompressionType": "gzip",
              "DataType": "text/xml",
              "DownloadTime": 375,
              "EventId": 157,
              "HttpStatus": 200,
              "Size": 33860,
              "URL": "https://iecvlist.microsoft.com/IE11/1479242656000/iecompatviewlist.xml"
            }
          ],
          "SSLCipher": "ECDHE-RSA-AES256-SHA",
          "SSLVersion": "TLS1.1"
        }
      ],
      "IncludeInScript": true
    },
    {
      "DomainName": "bing.com",
      "Domains": [
        {
          "HTTPVersion": "HTTP/1.1",
          "IP": "204.79.197.200",
          "IncludeInScript": true,
          "Name": "www.bing.com",
          "Port": 443,
          "Requests": [
            {
              "CompressionType": "",
              "DataType": "image/x-icon",
              "DownloadTime": 31,
              "EventId": 126,
              "HttpStatus": 200,
              "Size": 237,
              "URL": "https://www.bing.com/favicon.ico"
            },
            {
              "CompressionType": "",
              "DataType": "image/x-icon",
              "DownloadTime": 31,
              "EventId": 122,
              "HttpStatus": 200,
              "Size": 237,
              "URL": "https://www.bing.com/favicon.ico"
            }
          ],
          "SSLCipher": "ECDHE-RSA-AES256-SHA",
          "SSLVersion": "TLS1.1"
        }
      ],
      "IncludeInScript": false
    }
  ],
  "WebSocket": {
    "IncludeInScript": false,
    "IsScriptIncludeWebSocket": false
  },
  "NumberOfCorrelations": 0
}