{
  "FilterHeaders": [
    {
      "Header": "user-agent",
      "IncludeInScript": false
    },
    {
      "Header": "dnt",
      "IncludeInScript": true
    },
    {
      "Header": "cache-control",
      "IncludeInScript": false
    },
    {
      "Header": "accept-language",
      "IncludeInScript": false
    },
    {
      "Header": "accept-encoding",
      "IncludeInScript": false
    },
    {
      "Header": "accept",
      "IncludeInScript": false
    }
  ],
  "FilterResources": [
    {
      "IsNonResource": false,
      "type": "text/javascript"
    },
    {
      "IsNonResource": true,
      "type": "text/html"
    },
    {
      "IsNonResource": false,
      "type": "text/css"
    },
    {
      "IsNonResource": false,
      "type": "image/x-icon"
    }
  ],
  "GeneralInfo": {
    "BrowserVersion": "",
    "MaxUsedConnections": 4,
    "RecordedBrowser": "Internet Explorer",
    "RecordingDate": "Jun-27-2018",
    "RecordingDuration": 120651,
    "RecordingTimeStamp": 1530087507,
    "TotalBytesReceived": 279496,
    "TotalBytesSent": 4382,
    "TotalRequests": 13
  },
  "HostInfo": [
    {
      "DomainName": "nr-data.net",
      "Domains": [
        {
          "HTTPVersion": "HTTP/1.1",
          "IP": "162.247.242.18",
          "IncludeInScript": false,
          "Name": "bam.nr-data.net",
          "Port": 443,
          "Requests": [
            {
              "CompressionType": "",
              "DataType": "text/javascript",
              "DownloadTime": 234,
              "EventId": 537,
              "HttpStatus": 200,
              "Size": 57,
              "URL": "https://bam.nr-data.net/1/338cffe5d3?a=6657625&v=1071.385e752&to=YVxSYxACCxcEVRFfWlgWcVQWCgoKSlUKWFNfS11WFgoKCktGDUY%3D&rst=262&ref=http://blazedemo.com/confirmation.php&ap=6&be=216&fe=255&dc=247&perf=%7B%22timing%22:%7B%22of%22:1530087795290,%22n%22:0,%22u%22:204,%22ue%22:204,%22f%22:5,%22dn%22:5,%22dne%22:5,%22c%22:5,%22ce%22:5,%22rq%22:9,%22rp%22:175,%22rpe%22:178,%22dl%22:175,%22di%22:246,%22ds%22:246,%22de%22:252,%22dc%22:254,%22l%22:254,%22le%22:257%7D,%22navigation%22:%7B%7D%7D&at=TRtRFVgYGBk%3D&jsonp=NREUM.setToken"
            },
            {
              "CompressionType": "",
              "DataType": "text/javascript",
              "DownloadTime": 249,
              "EventId": 497,
              "HttpStatus": 200,
              "Size": 57,
              "URL": "https://bam.nr-data.net/1/338cffe5d3?a=6657625&v=1071.385e752&to=YVxSYxACCxcEVRFfWlgWcVQWCgoKSkYQRFZeWENSTBMNFA%3D%3D&rst=252&ref=http://blazedemo.com/purchase.php&ap=7&be=198&fe=245&dc=230&perf=%7B%22timing%22:%7B%22of%22:1530087741944,%22n%22:0,%22u%22:190,%22ue%22:190,%22f%22:6,%22dn%22:6,%22dne%22:6,%22c%22:6,%22ce%22:6,%22rq%22:7,%22rp%22:180,%22rpe%22:183,%22dl%22:180,%22di%22:229,%22ds%22:229,%22de%22:242,%22dc%22:245,%22l%22:245,%22le%22:248%7D,%22navigation%22:%7B%7D%7D&at=TRtRFVgYGBk%3D&jsonp=NREUM.setToken"
            },
            {
              "CompressionType": "",
              "DataType": "text/javascript",
              "DownloadTime": 250,
              "EventId": 485,
              "HttpStatus": 200,
              "Size": 57,
              "URL": "https://bam.nr-data.net/1/338cffe5d3?a=6657625&v=1071.385e752&to=YVxSYxACCxcEVRFfWlgWcVQWCgoKSkQARVBET1UZEgsV&rst=300&ref=http://blazedemo.com/reserve.php&ap=6&be=243&fe=290&dc=275&perf=%7B%22timing%22:%7B%22of%22:1530087723885,%22n%22:0,%22u%22:219,%22ue%22:219,%22f%22:6,%22dn%22:6,%22dne%22:6,%22c%22:6,%22ce%22:6,%22rq%22:11,%22rp%22:197,%22rpe%22:200,%22dl%22:197,%22di%22:274,%22ds%22:274,%22de%22:286,%22dc%22:289,%22l%22:289,%22le%22:292%7D,%22navigation%22:%7B%7D%7D&at=TRtRFVgYGBk%3D&jsonp=NREUM.setToken"
            }
          ],
          "SSLCipher": "ECDHE-RSA-AES128-SHA",
          "SSLVersion": "TLS1.1"
        }
      ],
      "IncludeInScript": true
    },
    {
      "DomainName": "newrelic.com",
      "Domains": [
        {
          "HTTPVersion": "HTTP/1.1",
          "IP": "151.101.42.110",
          "IncludeInScript": false,
          "Name": "js-agent.newrelic.com",
          "Port": 443,
          "Requests": [
            {
              "CompressionType": "gzip",
              "DataType": "application/javascript",
              "DownloadTime": 297,
              "EventId": 385,
              "HttpStatus": 200,
              "Size": 9086,
              "URL": "https://js-agent.newrelic.com/nr-1071.min.js"
            }
          ],
          "SSLCipher": "ECDHE-RSA-AES128-SHA",
          "SSLVersion": "TLS1.1"
        }
      ],
      "IncludeInScript": true
    },
    {
      "DomainName": "microsoft.com",
      "Domains": [
        {
          "HTTPVersion": "HTTP/1.1",
          "IP": "72.21.81.200",
          "IncludeInScript": false,
          "Name": "iecvlist.microsoft.com",
          "Port": 443,
          "Requests": [
            {
              "CompressionType": "gzip",
              "DataType": "text/xml",
              "DownloadTime": 218,
              "EventId": 477,
              "HttpStatus": 200,
              "Size": 33860,
              "URL": "https://iecvlist.microsoft.com/IE11/1479242656000/iecompatviewlist.xml"
            }
          ],
          "SSLCipher": "ECDHE-RSA-AES256-SHA",
          "SSLVersion": "TLS1.1"
        }
      ],
      "IncludeInScript": true
    },
    {
      "DomainName": "googleapis.com",
      "Domains": [
        {
          "HTTPVersion": "HTTP/1.1",
          "IP": "172.217.160.234",
          "IncludeInScript": false,
          "Name": "ajax.googleapis.com",
          "Port": 80,
          "Requests": [
            {
              "CompressionType": "gzip",
              "DataType": "text/javascript",
              "DownloadTime": 31,
              "EventId": 265,
              "HttpStatus": 200,
              "Size": 29195,
              "URL": "http://ajax.googleapis.com/ajax/libs/jquery/2.0.0/jquery.min.js"
            }
          ],
          "SSLCipher": "None",
          "SSLVersion": "None"
        }
      ],
      "IncludeInScript": true
    },
    {
      "DomainName": "blazedemo.com",
      "Domains": [
        {
          "HTTPVersion": "HTTP/1.1",
          "IP": "18.195.186.101",
          "IncludeInScript": true,
          "Name": "blazedemo.com",
          "Port": 80,
          "Requests": [
            {
              "CompressionType": "",
              "DataType": "text/html",
              "DownloadTime": 156,
              "EventId": 533,
              "HttpStatus": 404,
              "Size": 14917,
              "URL": "http://blazedemo.com/img/glyphicons-halflings.png"
            },
            {
              "CompressionType": "",
              "DataType": "text/html",
              "DownloadTime": 141,
              "EventId": 528,
              "HttpStatus": 200,
              "Size": 8802,
              "URL": "http://blazedemo.com/confirmation.php"
            },
            {
              "CompressionType": "",
              "DataType": "text/html",
              "DownloadTime": 156,
              "EventId": 493,
              "HttpStatus": 404,
              "Size": 14917,
              "URL": "http://blazedemo.com/img/glyphicons-halflings.png"
            },
            {
              "CompressionType": "",
              "DataType": "text/html",
              "DownloadTime": 156,
              "EventId": 488,
              "HttpStatus": 200,
              "Size": 9757,
              "URL": "http://blazedemo.com/purchase.php"
            },
            {
              "CompressionType": "",
              "DataType": "text/html",
              "DownloadTime": 156,
              "EventId": 439,
              "HttpStatus": 404,
              "Size": 14917,
              "URL": "http://blazedemo.com/img/glyphicons-halflings.png"
            },
            {
              "CompressionType": "",
              "DataType": "image/x-icon",
              "DownloadTime": 156,
              "EventId": 437,
              "HttpStatus": 200,
              "Size": 0,
              "URL": "http://blazedemo.com/favicon.ico"
            },
            {
              "CompressionType": "",
              "DataType": "text/html",
              "DownloadTime": 172,
              "EventId": 430,
              "HttpStatus": 200,
              "Size": 10361,
              "URL": "http://blazedemo.com/reserve.php"
            },
            {
              "CompressionType": "",
              "DataType": "image/x-icon",
              "DownloadTime": 156,
              "EventId": 318,
              "HttpStatus": 200,
              "Size": 0,
              "URL": "http://blazedemo.com/favicon.ico"
            },
            {
              "CompressionType": "",
              "DataType": "text/css",
              "DownloadTime": 172,
              "EventId": 287,
              "HttpStatus": 200,
              "Size": 3765,
              "URL": "http://blazedemo.com/assets/bootstrap-table.css"
            },
            {
              "CompressionType": "",
              "DataType": "text/css",
              "DownloadTime": 156,
              "EventId": 284,
              "HttpStatus": 200,
              "Size": 126461,
              "URL": "http://blazedemo.com/assets/bootstrap.min.css"
            },
            {
              "CompressionType": "",
              "DataType": "text/javascript",
              "DownloadTime": 141,
              "EventId": 280,
              "HttpStatus": 200,
              "Size": 28663,
              "URL": "http://blazedemo.com/assets/bootstrap.min.js"
            },
            {
              "CompressionType": "",
              "DataType": "text/javascript",
              "DownloadTime": 141,
              "EventId": 277,
              "HttpStatus": 200,
              "Size": 39170,
              "URL": "http://blazedemo.com/assets/bootstrap-table.js"
            },
            {
              "CompressionType": "",
              "DataType": "text/html",
              "DownloadTime": 156,
              "EventId": 223,
              "HttpStatus": 200,
              "Size": 7766,
              "URL": "http://blazedemo.com/"
            }
          ],
          "SSLCipher": "None",
          "SSLVersion": "None"
        }
      ],
      "IncludeInScript": true
    },
    {
      "DomainName": "bing.com",
      "Domains": [
        {
          "HTTPVersion": "HTTP/1.1",
          "IP": "13.107.21.200",
          "IncludeInScript": false,
          "Name": "www.bing.com",
          "Port": 443,
          "Requests": [
            {
              "CompressionType": "",
              "DataType": "image/x-icon",
              "DownloadTime": 47,
              "EventId": 355,
              "HttpStatus": 200,
              "Size": 237,
              "URL": "https://www.bing.com/favicon.ico"
            },
            {
              "CompressionType": "",
              "DataType": "image/x-icon",
              "DownloadTime": 32,
              "EventId": 347,
              "HttpStatus": 200,
              "Size": 237,
              "URL": "https://www.bing.com/favicon.ico"
            }
          ],
          "SSLCipher": "ECDHE-RSA-AES256-SHA",
          "SSLVersion": "TLS1.1"
        }
      ],
      "IncludeInScript": false
    }
  ],
  "WebSocket": {
    "IncludeInScript": false,
    "IsScriptIncludeWebSocket": false
  },
  "NumberOfCorrelations": 0
}